condition,easy,medium,hard,overall
curriculum,3.8650811910629272,4.109911139806112,4.210086806615194,4.051269833246867
mixed,3.6922531366348266,4.0938959201176965,4.222335879007975,3.9982930262883514
